Visitor,Attraction,Visit Time,Start Time,End Time
Erkan,Iguazú,2,2,4
Xiaoshuang,Iguazú,2,2,4
Benone,Iguazú,2,2,4
Tlaytmass,Iguazú,2,2,4
Soukina,Iguazú,2,2,4
Ihintza,Iguazú,2,2,4
Luxi,Iguazú,2,2,4
Karola,Triton_Rapids,2,2,4
Veneranda,Triton_Rapids,2,2,4
Reynalda,Carrousel,2,2,4
Uxua,Iguazú,2,2,4
Doradia,Triton_Rapids,2,2,4
Souaad,Iguazú,2,2,4
Solanyi,Iguazú,2,2,4
Sura,Iguazú,2,2,4
Jake,Iguazú,2,2,4
Danyil,Triton_Rapids,2,2,4
Jose,Triton_Rapids,2,2,4
Mamma,Iguazú,2,2,4
Youssouph,Triton_Rapids,2,2,4
Rosario,Carrousel,2,2,4
Rhut,Iguazú,2,2,4
Belisaria,Iguazú,2,2,4
Cuiping,Iguazú,2,2,4
Natali,Iguazú,2,2,4
Leiane,Carrousel,2,2,4
Auria,Triton_Rapids,2,2,4
Emilda,Iguazú,2,2,4
Orbelinda,Iguazú,2,2,4
Itto,Iguazú,2,2,4
Zilin,Iguazú,2,2,4
Ibrahim,Iguazú,2,2,4
Jerai,Iguazú,2,2,4
Yisel,Triton_Rapids,2,2,4
Nenita,Iguazú,2,2,4
Danya,Iguazú,2,2,4
Shengli,Iguazú,2,2,4
Tamires,Triton_Rapids,2,2,4
Ismel,Iguazú,2,2,4
Nasma,Iguazú,2,2,4
Elektra,Triton_Rapids,2,2,4
Erena,Carrousel,2,2,4
Qaiser,Carrousel,2,2,4
Yahel,Iguazú,2,2,4
Hongjun,Iguazú,2,2,4
Jasmine,Iguazú,2,2,4
Ion,Triton_Rapids,2,2,4
Wilhelm,Iguazú,2,2,4
Andleeb,Carrousel,2,2,4
Baljit,Carrousel,2,2,4
Jaiver,Iguazú,2,2,4
Aqeel,Triton_Rapids,2,2,4
Servanda,Iguazú,2,2,4
Eleftheria,Carrousel,2,2,4
Dragan,Carrousel,2,2,4
Isam,Triton_Rapids,2,2,4
Ann,Triton_Rapids,2,2,4
Maryia,Iguazú,2,2,4
Yueying,Carrousel,2,2,4
Aniano,Triton_Rapids,2,2,4
Magin,Triton_Rapids,2,2,4
Frieda,Iguazú,2,2,4
Jovani,Iguazú,2,2,4
Lyubomyra,Carrousel,2,2,4
Anuel,Iguazú,2,2,4
Boi,Carrousel,2,2,4
Kristyna,Triton_Rapids,2,2,4
Zihan,Carrousel,2,2,4
Naya,Triton_Rapids,2,2,4
Lisett,Iguazú,2,2,4
Alie,Carrousel,2,2,4
Bin,Triton_Rapids,2,2,4
Serine,Carrousel,2,2,4
Caya,Triton_Rapids,2,2,4
Youssouf,Carrousel,2,2,4
Titu,Carrousel,2,2,4
Narciza,Carrousel,2,2,4
Agneta,Carrousel,2,2,4
Jenara,Iguazú,2,2,4
Shabbir,Iguazú,2,2,4
Yaagoub,Iguazú,2,2,4
Yerena,Iguazú,2,2,4
Celso,Iguazú,2,2,4
Azhara,Iguazú,2,2,4
Jeison,Iguazú,2,2,4
Shaoqin,Iguazú,2,2,4
Davit,Carrousel,2,2,4
Palmira,Iguazú,2,2,4
Bruc,Iguazú,2,2,4
Momina,Iguazú,2,2,4
Lou,Rapids,2,2,5
Graham,Rapids,2,2,5
Alhassane,Lazy_River,2,2,5
Abdelmalek,Lazy_River,2,2,5
Cristelle,Lazy_River,2,2,5
Hermogenes,Rapids,2,2,5
Sahira,Rapids,2,2,5
Gorgonia,Lazy_River,2,2,5
Magola,Lazy_River,2,2,5
Qamar,Rapids,2,2,5
Kyra,Lazy_River,2,2,5
Wilfrido,Lazy_River,2,2,5
Arda,Rapids,2,2,5
Velislava,Rapids,2,2,5
Haihua,Lazy_River,2,2,5
Ella,Lazy_River,2,2,5
Narimane,Lazy_River,2,2,5
Aleksey,Rapids,2,2,5
Samaira,Lazy_River,2,2,5
Naaima,Rapids,2,2,5
Bachir,Rapids,2,2,5
Stanislav,Lazy_River,2,2,5
Auritz,Lazy_River,2,2,5
Oumar,Lazy_River,2,2,5
Kathia,Rapids,2,2,5
Shahnaz,Rapids,2,2,5
Khiara,Rapids,2,2,5
Luz,Lazy_River,2,2,5
Iba,Lazy_River,2,2,5
Lyubomir,Rapids,2,2,5
Nayib,Lazy_River,2,2,5
Fariza,Lazy_River,2,2,5
Erminio,Rapids,2,2,5
Hebe,Lazy_River,2,2,5
Idriss,Rapids,2,2,5
Ronald,Rapids,2,2,5
Jamaica,Lazy_River,2,2,5
Makan,Rapids,2,2,5
Congmei,Rapids,2,2,5
Tomasina,Lazy_River,2,2,5
Mingjie,Rapids,2,2,5
Veselin,Rapids,2,2,5
Domnita,Lazy_River,2,2,5
Lilly,Rapids,2,2,5
Marly,Lazy_River,2,2,5
Bastian,Rapids,2,2,5
Maxima,Lazy_River,2,2,5
Wissal,Rapids,2,2,5
Adala,Rapids,2,2,5
Guangrong,Lazy_River,2,2,5
Petruta,Lazy_River,2,2,5
Espiritu,Lazy_River,2,2,5
Lyra,Lazy_River,2,2,5
Gwenaelle,Lazy_River,2,2,5
Yeudiel,Lazy_River,2,2,5
Ilham,Lazy_River,2,2,5
Emanuele,Lazy_River,2,2,5
Guoqing,Lazy_River,2,2,5
Camille,Lazy_River,2,2,5
Houssein,Lazy_River,2,2,5
Essam,Black_Hole,2,2,6
Sava,Splash,2,2,6
Serafi,Black_Hole,2,2,6
Regla,Black_Hole,2,2,6
Abubakari,Black_Hole,2,2,6
Teodora,Black_Hole,2,2,6
Razvan,Black_Hole,2,2,6
Danele,Black_Hole,2,2,6
Jherson,Black_Hole,2,2,6
Detlef,Splash,2,2,6
Sonya,Black_Hole,2,2,6
Hiroko,Splash,2,2,6
Jing,Black_Hole,2,2,6
Guillaume,Black_Hole,2,2,6
Narella,Black_Hole,2,2,6
Jinchai,Splash,2,2,6
Megara,Black_Hole,2,2,6
Edu,Splash,2,2,6
Manjeet,Splash,2,2,6
Houssin,Splash,2,2,6
Shuo,Black_Hole,2,2,6
Noran,Black_Hole,2,2,6
Silverio,Splash,2,2,6
Deva,Splash,2,2,6
Outman,Splash,2,2,6
Jianmin,Black_Hole,2,2,6
Susane,Black_Hole,2,2,6
Isoken,Splash,2,2,6
Moulouda,Black_Hole,2,2,6
Jefrey,Splash,2,2,6
Tareixa,Splash,2,2,6
Edy,Splash,2,2,6
Danilo,Splash,2,2,6
Issey,Black_Hole,2,2,6
Brahima,Black_Hole,2,2,6
Lolita,Black_Hole,2,2,6
Ronaldo,Splash,2,2,6
Arantza,Splash,2,2,6
Kaled,Black_Hole,2,2,6
Ottavio,Black_Hole,2,2,6
Yuezhu,Black_Hole,2,2,6
Zhao,Black_Hole,2,2,6
Buenaventura,Splash,2,2,6
Yordani,Splash,2,2,6
Begonia,Black_Hole,2,2,6
Tamta,Black_Hole,2,2,6
Badredin,Black_Hole,2,2,6
Sonny,Black_Hole,2,2,6
Imara,Black_Hole,2,2,6
Xinya,Black_Hole,2,2,6
Maanan,Black_Hole,2,2,6
Andre,Splash,2,2,6
Hazael,Splash,2,2,6
Olimpio,Black_Hole,2,2,6
Nouara,Splash,2,2,6
Carmencita,Black_Hole,2,2,6
Zhihua,Black_Hole,2,2,6
Rosali,Splash,2,2,6
Noelle,Black_Hole,2,2,6
Hui,Splash,2,2,6
Consejo,Splash,2,2,6
Yajaira,Splash,2,2,6
Epifanio,Splash,2,2,6
Vitalija,Black_Hole,2,2,6
Colette,Black_Hole,2,2,6
Aimran,Black_Hole,2,2,6
Clemens,Splash,2,2,6
Branimir,Splash,2,2,6
Ankor,Splash,2,2,6
Anastasia,Black_Hole,2,2,6
Velin,Splash,2,2,6
Assmaa,Splash,2,2,6
Egoitz,Splash,2,2,6
Maxine,Splash,2,2,6
Dylan,Splash,2,2,6
Harsh,Splash,2,2,6
Emilsen,Splash,2,2,6
Donya,Splash,2,2,6
Romualdas,Iguazú,2,4,6
Farwa,Iguazú,2,4,6
Arfa,Iguazú,2,4,6
Italo,Iguazú,2,4,6
Majed,Iguazú,2,4,6
Lisandro,Iguazú,2,4,6
Ibane,Iguazú,2,4,6
Dumitra,Triton_Rapids,2,4,6
Yasira,Triton_Rapids,2,4,6
Ingrida,Carrousel,2,4,6
Narimene,Iguazú,2,4,6
Leydis,Triton_Rapids,2,4,6
Hinde,Iguazú,2,4,6
Adis,Iguazú,2,4,6
Maravilla,Iguazú,2,4,6
Elen,Iguazú,2,4,6
Ilhame,Triton_Rapids,2,4,6
Salem,Triton_Rapids,2,4,6
Milenka,Iguazú,2,4,6
Marinus,Triton_Rapids,2,4,6
Feliza,Carrousel,2,4,6
Yi,Iguazú,2,4,6
Svetlana,Iguazú,2,4,6
Merida,Iguazú,2,4,6
Cedrick,Iguazú,2,4,6
Donald,Carrousel,2,4,6
Ishtar,Triton_Rapids,2,4,6
Wenhua,Iguazú,2,4,6
Hayden,Iguazú,2,4,6
Fodie,Iguazú,2,4,6
Loukman,Iguazú,2,4,6
Romualdo,Iguazú,2,4,6
Diarra,Iguazú,3,4,6
Goran,Triton_Rapids,2,4,6
Asia,Iguazú,2,4,6
Inez,Iguazú,2,4,6
Iaroslav,Iguazú,3,4,6
Doinita,Triton_Rapids,2,4,6
Renaud,Iguazú,2,4,6
Lizar,Iguazú,3,4,6
Leen,Triton_Rapids,2,4,6
Velika,Carrousel,2,4,6
Fatoum,Carrousel,2,4,6
Licerio,Iguazú,2,4,6
Ramia,Iguazú,2,4,6
Shota,Iguazú,3,4,6
Yosyp,Triton_Rapids,2,4,6
Wenyuan,Iguazú,3,4,6
Hafid,Carrousel,2,4,6
Peifen,Carrousel,2,4,6
Rihanna,Iguazú,3,4,6
Khedidja,Triton_Rapids,2,4,6
Jenni,Iguazú,2,4,6
Aniuska,Carrousel,2,4,6
Aya,Carrousel,2,4,6
Chunwei,Triton_Rapids,2,4,6
Dorothee,Triton_Rapids,2,4,6
Houd,Iguazú,3,4,6
Humildad,Carrousel,2,4,6
Soufian,Triton_Rapids,3,4,6
Ivayla,Triton_Rapids,3,4,6
Tatyana,Iguazú,3,4,6
Leisy,Iguazú,2,4,6
Angelito,Carrousel,2,4,6
Wiaam,Iguazú,3,4,6
Julie,Carrousel,2,4,6
Lamar,Triton_Rapids,3,4,6
Serenella,Carrousel,2,4,6
Cai,Triton_Rapids,3,4,6
Kiowa,Iguazú,2,4,6
Anair,Carrousel,2,4,6
Senida,Triton_Rapids,3,4,6
Amira,Carrousel,2,4,6
Andreas,Triton_Rapids,3,4,6
Saihou,Carrousel,2,4,6
Jarno,Carrousel,2,4,6
Abdelkamel,Carrousel,2,4,6
Julianna,Carrousel,2,4,6
Mavis,Iguazú,2,4,6
Oneyda,Iguazú,2,4,6
Anina,Iguazú,2,4,6
Mujahid,Iguazú,2,4,6
Edu,Iguazú,3,4,6
Zubair,Iguazú,3,4,6
Xurde,Iguazú,3,4,6
Mara,Iguazú,3,4,6
Nicolette,Carrousel,2,4,6
Montiel,Iguazú,3,4,6
Felice,Iguazú,3,4,6
Ivete,Iguazú,3,4,6
Nazih,Jaguar,2,2,7
Jeffery,Jaguar,2,2,7
Lidiana,Jaguar,2,2,7
Meghan,Jaguar,2,2,7
Teodor,Jaguar,2,2,7
Bi,Jaguar,2,2,7
Lien,Jaguar,2,2,7
Yevgeniy,Jaguar,2,2,7
Khatima,Jaguar,2,2,7
Banna,Jaguar,2,2,7
Hamidou,Jaguar,2,2,7
Sepehr,Jaguar,2,2,7
Essaid,Jaguar,2,2,7
Ikerne,Jaguar,2,2,7
Kausar,Jaguar,2,2,7
Furong,Jaguar,2,2,7
Torahi,Jaguar,2,2,7
Umme,Jaguar,2,2,7
Falak,Jaguar,2,2,7
Mohsin,Jaguar,2,2,7
Ioanna,Jaguar,2,2,7
Brandon,Jaguar,2,2,7
Nasiha,Jaguar,2,2,7
Iliasse,Jaguar,2,2,7
Lilian,Jaguar,2,2,7
Xune,Jaguar,2,2,7
Remus,Jaguar,2,2,7
Leontina,Jaguar,2,2,7
Arvin,Jaguar,2,2,7
Haidong,Jaguar,2,2,7
Meifang,Jaguar,2,2,7
Gennaro,Jaguar,2,2,7
Ishtiaq,Jaguar,2,2,7
Xinyue,Jaguar,2,2,7
Miroslava,Jaguar,2,2,7
Saikou,Jaguar,2,2,7
Xinru,Jaguar,2,2,7
Shahzaib,Jaguar,2,2,7
Piadosa,Jaguar,2,2,7
Smaine,Jaguar,2,2,7
Haridian,Splash,3,3,7
Gisselle,Splash,3,3,7
Erol,Splash,3,3,7
Arsenia,Splash,3,3,7
Abdelkarin,Splash,3,3,7
Radoslav,Splash,3,3,7
Niceta,Splash,3,3,7
Prospera,Tower_of_Power,2,2,8
Adelheid,Tower_of_Power,2,2,8
Bartolome,Tower_of_Power,2,2,8
Artur,Tower_of_Power,2,2,8
Lekbir,Tower_of_Power,2,2,8
Sayed,Tower_of_Power,2,2,8
Faysal,Tower_of_Power,2,2,8
Godstime,Tower_of_Power,2,2,8
Elicia,Tower_of_Power,2,2,8
Hasnaa,Tower_of_Power,2,2,8
Boutaina,Tower_of_Power,2,2,8
Ron,Tower_of_Power,2,2,8
Sharjeel,Tower_of_Power,2,2,8
Khadim,Tower_of_Power,2,2,8
Yurema,Tower_of_Power,2,2,8
Edith,Tower_of_Power,2,2,8
Nicefora,Tower_of_Power,2,2,8
Gartxot,Tower_of_Power,2,2,8
Jabbar,Tower_of_Power,2,2,8
Oumou,Tower_of_Power,2,2,8
Mbathio,Tower_of_Power,2,2,8
Jerobel,Tower_of_Power,2,2,8
Sadio,Tower_of_Power,2,2,8
Vanja,Tower_of_Power,2,2,8
Jovina,Tower_of_Power,2,2,8
Roquelina,Tower_of_Power,2,2,8
Ghazal,Tower_of_Power,2,2,8
Luke,Tower_of_Power,2,2,8
Regulo,Tower_of_Power,2,2,8
Dieynaba,Tower_of_Power,2,2,8
Soulaiman,Tower_of_Power,2,2,8
Isamar,Tower_of_Power,2,2,8
Valentin,Tower_of_Power,2,2,8
Ilija,Tower_of_Power,2,2,8
Romualdo,Tower_of_Power,2,2,8
Saira,Tower_of_Power,2,2,8
Sinem,Tower_of_Power,2,2,8
Baselisa,Tower_of_Power,2,2,8
Fatme,Tower_of_Power,2,2,8
Enedino,Tower_of_Power,2,2,8
Kathya,Tower_of_Power,2,2,8
Betina,Tower_of_Power,2,2,8
Diame,Jaguar,3,3,8
Yuleidy,Jaguar,3,3,8
Enma,Jaguar,3,3,8
Ulrike,Jaguar,3,3,8
Bouba,Jaguar,3,3,8
Mbarka,Jaguar,3,3,8
Sarkis,Jaguar,3,3,8
Xiaolin,Jaguar,3,3,8
Valenti,Jaguar,3,3,8
Bouba,Jaguar,3,3,8
Ney,Rapids,2,5,8
Deyvid,Rapids,2,5,8
Eutiquia,Lazy_River,3,5,8
Indara,Lazy_River,3,5,8
Xeber,Lazy_River,3,5,8
Segimon,Rapids,2,5,8
Nassira,Rapids,2,5,8
Chao,Lazy_River,3,5,8
Matas,Lazy_River,3,5,8
Marite,Rapids,2,5,8
Jacobo,Lazy_River,3,5,8
Yudy,Lazy_River,3,5,8
Maninder,Rapids,2,5,8
Platon,Rapids,2,5,8
Chunguang,Lazy_River,3,5,8
Corali,Lazy_River,3,5,8
Paun,Lazy_River,3,5,8
Xulia,Rapids,2,5,8
Januario,Lazy_River,3,5,8
Adonina,Rapids,2,5,8
Zoia,Rapids,2,5,8
Efidencia,Lazy_River,3,5,8
Darko,Lazy_River,3,5,8
Ruonan,Lazy_River,3,5,8
Amandeep,Rapids,2,5,8
Yuxuan,Rapids,3,5,8
Aide,Rapids,3,5,8
Zhi,Lazy_River,3,5,8
Bertilia,Lazy_River,3,5,8
Keven,Rapids,3,5,8
Nicolasa,Lazy_River,3,5,8
Daljit,Lazy_River,3,5,8
Radha,Rapids,3,5,8
Intissar,Lazy_River,3,5,8
Founeke,Rapids,3,5,8
Leonela,Rapids,3,5,8
Xiaoqiong,Lazy_River,3,5,8
Petronela,Rapids,3,5,8
Cristopher,Rapids,3,5,8
Qing,Lazy_River,3,5,8
Diaw,Rapids,3,5,8
Joost,Rapids,3,5,8
Angelika,Lazy_River,3,5,8
Servanda,Rapids,3,5,8
Lingling,Lazy_River,3,5,8
Ajwa,Rapids,3,5,8
Walquiria,Lazy_River,3,5,8
Moumna,Rapids,3,5,8
Alexa,Rapids,3,5,8
Abdenasser,Lazy_River,3,5,8
Nixon,Lazy_River,3,5,8
Garoe,Lazy_River,3,5,8
Nahyara,Lazy_River,3,5,8
Cristo,Lazy_River,3,5,8
Alegria,Lazy_River,3,5,8
Barbel,Lazy_River,3,5,8
Jehu,Lazy_River,3,5,8
Solita,Lazy_River,3,5,8
Gamze,Lazy_River,3,5,8
Christian,Lazy_River,3,5,8
Iacov,Iguazú,3,6,8
Ermes,Iguazú,3,6,8
Leonel,Iguazú,3,6,8
Svitlana,Iguazú,3,6,8
Sajjad,Iguazú,3,6,8
Karoly,Iguazú,3,6,8
Hamid,Iguazú,3,6,8
Aiman,Triton_Rapids,3,6,8
Jamie,Triton_Rapids,3,6,8
Anyelo,Carrousel,2,6,8
Zuleima,Iguazú,3,6,8
Daouia,Triton_Rapids,3,6,8
Nayden,Iguazú,3,6,8
Delicia,Iguazú,3,6,8
Edelma,Iguazú,3,6,8
Nune,Iguazú,3,6,8
Assma,Triton_Rapids,3,6,8
Liv,Triton_Rapids,3,6,8
Agora,Iguazú,3,6,8
Nigel,Triton_Rapids,3,6,8
Mayssaa,Carrousel,2,6,8
Nadra,Iguazú,3,6,8
Roderick,Iguazú,3,6,8
Bodil,Iguazú,3,6,8
Roncesvalles,Iguazú,3,6,8
Ventura,Carrousel,2,6,8
Ursicina,Triton_Rapids,3,6,8
Mildrey,Iguazú,3,6,8
Chenxuan,Iguazú,3,6,8
Alva,Iguazú,3,6,8
Mfedla,Iguazú,3,6,8
Qais,Iguazú,3,6,8
Louazna,Iguazú,3,6,8
Ruth,Triton_Rapids,3,6,8
Joginder,Iguazú,3,6,8
Oreto,Iguazú,3,6,8
Neptali,Iguazú,3,6,8
Yony,Triton_Rapids,3,6,8
Suhong,Iguazú,3,6,8
Hamza,Iguazú,3,6,8
Haizhu,Triton_Rapids,3,6,8
Resurreccion,Carrousel,2,6,8
Mounina,Carrousel,2,6,8
Eirene,Iguazú,3,6,8
Jinsheng,Iguazú,3,6,8
Idalina,Iguazú,3,6,8
Ubalda,Triton_Rapids,3,6,8
Haiyun,Iguazú,3,6,8
Zeltia,Carrousel,3,6,8
Malva,Carrousel,3,6,8
Rut,Iguazú,3,6,8
Cristine,Triton_Rapids,3,6,8
Shuangjun,Iguazú,3,6,8
Maroine,Carrousel,3,6,8
Maroan,Carrousel,3,6,8
Yaling,Triton_Rapids,3,6,8
Shafqat,Triton_Rapids,3,6,8
Bandiougou,Iguazú,3,6,8
Aderita,Carrousel,3,6,8
Zhifeng,Triton_Rapids,3,6,8
Endurance,Triton_Rapids,3,6,8
Ghalem,Iguazú,3,6,8
Hadria,Iguazú,3,6,8
Abran,Carrousel,3,6,8
Sintia,Iguazú,3,6,8
Olimpio,Carrousel,3,6,8
Harrison,Triton_Rapids,3,6,8
Clarita,Carrousel,3,6,8
Senda,Triton_Rapids,3,6,8
Yang,Iguazú,3,6,8
Auicha,Carrousel,3,6,8
Adair,Triton_Rapids,3,6,8
Zhiwen,Carrousel,3,6,8
Graciosa,Triton_Rapids,3,6,8
Arfa,Carrousel,3,6,8
Wei,Carrousel,3,6,8
Meenakshi,Carrousel,3,6,8
Geovanna,Carrousel,3,6,8
Herlan,Iguazú,3,6,8
Rufino,Iguazú,3,6,8
Anna,Iguazú,3,6,8
Maghnia,Iguazú,3,6,8
Martiniana,Iguazú,3,6,8
Evan,Iguazú,3,6,8
Shehroz,Iguazú,3,6,8
Abdelkamal,Iguazú,3,6,8
Mao,Carrousel,3,6,8
Pawel,Iguazú,3,6,8
Eladi,Iguazú,3,6,8
Chomicha,Iguazú,3,6,8
Abdeloihed,Tower_of_Power,3,3,9
Cherry,Tower_of_Power,3,3,9
Xinwei,Tower_of_Power,3,3,9
Majed,Tower_of_Power,3,3,9
Huixia,Tower_of_Power,3,3,9
Hui,Tower_of_Power,3,3,9
Toni,Tower_of_Power,3,3,9
Aran,Tower_of_Power,3,3,9
Ute,Tower_of_Power,3,3,9
Lazreg,Tower_of_Power,3,3,9
Lovepreet,Tower_of_Power,3,3,9
Aia,Tower_of_Power,3,3,9
Setou,Tower_of_Power,3,3,9
Madelaine,Splash,3,6,10
Krishan,Splash,3,6,10
Rimantas,Black_Hole,2,6,10
Justin,Splash,3,6,10
Castro,Black_Hole,2,6,10
Erol,Black_Hole,2,6,10
Lucinio,Black_Hole,2,6,10
Miria,Black_Hole,2,6,10
Raihan,Black_Hole,3,6,10
Verisima,Black_Hole,3,6,10
Weimin,Black_Hole,3,6,10
Muhamadou,Splash,3,6,10
Yixuan,Black_Hole,3,6,10
Zoraima,Splash,3,6,10
Gegham,Black_Hole,3,6,10
Ibai,Black_Hole,3,6,10
Yare,Black_Hole,3,6,10
Marysol,Splash,3,6,10
Xue,Black_Hole,3,6,10
Konstantine,Splash,3,6,10
Radwa,Splash,3,6,10
Kathleen,Splash,3,6,10
Yacqueline,Black_Hole,3,6,10
Hunaida,Black_Hole,3,6,10
Narel,Splash,3,6,10
Xabel,Splash,3,6,10
Busra,Splash,3,6,10
Yasmin,Black_Hole,3,6,10
Mengying,Black_Hole,3,6,10
Gabi,Splash,3,6,10
Antal,Black_Hole,3,6,10
Evelinda,Splash,3,6,10
Jordina,Splash,3,6,10
Taslima,Splash,3,6,10
Milesio,Splash,3,6,10
Rhodora,Black_Hole,3,6,10
Antonino,Black_Hole,3,6,10
Yasine,Black_Hole,3,6,10
Maiol,Splash,3,6,10
Petrus,Splash,3,6,10
Juliano,Black_Hole,3,6,10
Nikol,Black_Hole,3,6,10
Fousseny,Black_Hole,3,6,10
Dmitry,Black_Hole,3,6,10
Bogomil,Splash,3,6,10
Grazia,Splash,3,6,10
Jianfang,Black_Hole,3,6,10
Irsa,Black_Hole,3,6,10
Aitzol,Black_Hole,3,6,10
Romeo,Black_Hole,3,6,10
Violante,Black_Hole,3,6,10
Osniel,Black_Hole,3,6,10
Inka,Black_Hole,3,6,10
Muskilda,Splash,3,6,10
Jounaida,Splash,3,6,10
Gentzane,Black_Hole,3,6,10
Theodor,Splash,3,6,10
Yian,Black_Hole,3,6,10
Dongdong,Black_Hole,3,6,10
Mamdouh,Splash,3,6,10
Jannett,Black_Hole,3,6,10
Kadijatu,Splash,3,6,10
Placer,Splash,3,6,10
Valquiria,Splash,3,6,10
Guolin,Splash,3,6,10
Lot,Black_Hole,3,6,10
Akos,Black_Hole,3,6,10
Cuifen,Black_Hole,3,6,10
Suhua,Splash,3,6,10
Daylen,Splash,3,6,10
Guihua,Splash,3,6,10
Nallely,Black_Hole,3,6,10
Gwendolyne,Splash,3,6,10
Geronima,Splash,3,6,10
Xiaolu,Splash,3,6,10
Illare,Splash,3,6,10
Aiying,Splash,3,6,10
Lothar,Splash,3,6,10
Mariamou,Iguazú,4,8,10
Baltasar,Iguazú,4,8,10
Rosalyn,Iguazú,4,8,10
Fredeswinda,Iguazú,3,8,10
Rusi,Iguazú,3,8,10
Corine,Iguazú,3,8,10
Olenka,Iguazú,3,8,10
Florinela,Triton_Rapids,3,8,10
Rimsha,Triton_Rapids,3,8,10
Artemisa,Carrousel,3,8,10
Stefanos,Iguazú,3,8,10
Steven,Triton_Rapids,3,8,10
Ayax,Iguazú,4,8,10
Davy,Iguazú,4,8,10
Kawtar,Iguazú,3,8,10
Abdelfetah,Iguazú,3,8,10
Simo,Triton_Rapids,3,8,10
Jacoba,Triton_Rapids,3,8,10
Abdurrahman,Iguazú,3,8,10
Irune,Triton_Rapids,3,8,10
Ampar,Carrousel,3,8,10
Eduin,Iguazú,4,8,10
Ismahane,Iguazú,4,8,10
Nedal,Iguazú,3,8,10
Kaloyan,Iguazú,4,8,10
Shelena,Carrousel,3,8,10
Boguslawa,Triton_Rapids,3,8,10
Abderrahime,Iguazú,4,8,10
Annia,Iguazú,3,8,10
Zaheer,Iguazú,4,8,10
Lidio,Iguazú,4,8,10
Goizargi,Iguazú,3,8,10
Florin,Iguazú,4,8,10
Anabelle,Triton_Rapids,3,8,10
Phoebe,Iguazú,3,8,10
Xiaoshuang,Iguazú,3,8,10
Carolyne,Iguazú,4,8,10
Elham,Triton_Rapids,3,8,10
Xiuhong,Iguazú,4,8,10
Seida,Iguazú,4,8,10
Muhamad,Triton_Rapids,3,8,10
Marlen,Carrousel,3,8,10
Hayat,Carrousel,3,8,10
Anjum,Iguazú,4,8,10
Snezana,Iguazú,4,8,10
Zahrae,Iguazú,4,8,10
Vasilka,Triton_Rapids,3,8,10
Circuncision,Iguazú,4,8,10
Ilham,Carrousel,3,8,10
Diyan,Carrousel,3,8,10
Samir,Iguazú,4,8,10
Modesta,Triton_Rapids,3,8,10
Iluminada,Iguazú,4,8,10
Almudena,Carrousel,3,8,10
Primo,Carrousel,3,8,10
Luci,Triton_Rapids,4,8,10
Neia,Triton_Rapids,4,8,10
Albina,Iguazú,4,8,10
Sacha,Carrousel,3,8,10
Grethe,Triton_Rapids,4,8,10
Bernardo,Triton_Rapids,4,8,10
Maciej,Iguazú,4,8,10
Ylena,Iguazú,4,8,10
Ainoa,Carrousel,3,8,10
Xueping,Iguazú,4,8,10
Adelaido,Carrousel,3,8,10
Onofra,Triton_Rapids,4,8,10
Fatme,Carrousel,3,8,10
Electra,Triton_Rapids,4,8,10
Omaima,Iguazú,4,8,10
Daenerys,Carrousel,3,8,10
Issiaka,Triton_Rapids,4,8,10
Anesia,Carrousel,3,8,10
Ouahida,Triton_Rapids,4,8,10
Xiaona,Carrousel,3,8,10
Mengyuan,Carrousel,3,8,10
Mariamou,Carrousel,4,8,10
Danila,Carrousel,4,8,10
Cristobalina,Iguazú,4,8,10
Dalya,Iguazú,4,8,10
Nourhane,Iguazú,4,8,10
Romano,Iguazú,4,8,10
Samuil,Iguazú,4,8,10
Amalio,Iguazú,4,8,10
Maud,Iguazú,4,8,10
Mariann,Iguazú,4,8,10
Esneda,Carrousel,4,8,10
Arey,Iguazú,4,8,10
Yakhya,Iguazú,4,8,10
Jesualdo,Iguazú,4,8,10
Mayi,Splash,3,7,11
Hunaida,Splash,4,7,11
Yasmany,Splash,4,7,11
Adel,Splash,4,7,11
Brigido,Splash,4,7,11
Otman,Splash,4,7,11
Laurentia,Splash,4,7,11
Guaditoca,Lazy_River,3,8,11
Shanti,Rapids,3,8,11
Tanisha,Lazy_River,3,8,11
Kulwinder,Rapids,3,8,11
Mariyamu,Lazy_River,3,8,11
Feiyan,Rapids,3,8,11
Happy,Lazy_River,4,8,11
Mamasa,Lazy_River,4,8,11
Dietrich,Lazy_River,4,8,11
Raissa,Lazy_River,4,8,11
Burak,Rapids,3,8,11
Lubos,Rapids,3,8,11
Santa,Rapids,3,8,11
Jordany,Rapids,3,8,11
Kristel,Rapids,3,8,11
Owais,Lazy_River,4,8,11
Jasmine,Lazy_River,4,8,11
Tourya,Lazy_River,4,8,11
Egidia,Rapids,3,8,11
Lianne,Rapids,3,8,11
Esma,Lazy_River,4,8,11
Peregrin,Lazy_River,4,8,11
Hadiya,Rapids,3,8,11
Sihan,Lazy_River,4,8,11
Edu,Lazy_River,4,8,11
Roxanna,Rapids,3,8,11
Dekra,Rapids,3,8,11
Andrada,Lazy_River,4,8,11
Heinz,Lazy_River,4,8,11
Cosima,Lazy_River,4,8,11
Audrone,Rapids,3,8,11
Meriyem,Lazy_River,4,8,11
Yamirka,Rapids,3,8,11
Flaminio,Rapids,3,8,11
Luigi,Lazy_River,4,8,11
Giselda,Lazy_River,4,8,11
Gurmail,Lazy_River,4,8,11
Mencia,Rapids,3,8,11
Emiliyan,Rapids,3,8,11
Rudaina,Rapids,3,8,11
Ignat,Lazy_River,4,8,11
Gica,Lazy_River,4,8,11
Tanzila,Rapids,3,8,11
Christiam,Lazy_River,4,8,11
Yuanyuan,Lazy_River,4,8,11
Janis,Rapids,3,8,11
Terje,Lazy_River,4,8,11
Darja,Rapids,3,8,11
Crina,Rapids,3,8,11
Miladis,Lazy_River,4,8,11
Lizar,Rapids,3,8,11
Anastasios,Rapids,3,8,11
Dayami,Lazy_River,4,8,11
Anatalia,Lazy_River,4,8,11
Sumisa,Lazy_River,4,8,11
Baroudi,Lazy_River,4,8,11
Eter,Lazy_River,4,8,11
Norica,Lazy_River,4,8,11
Deyan,Lazy_River,4,8,11
Dimitrichka,Lazy_River,4,8,11
Jania,Jaguar,3,7,12
Yuriy,Jaguar,3,7,12
Nadjat,Jaguar,3,7,12
Christy,Jaguar,3,7,12
Melodi,Jaguar,3,7,12
Serafin,Jaguar,3,7,12
Umair,Jaguar,3,7,12
Ascencion,Jaguar,3,7,12
Sabiniano,Jaguar,3,7,12
Hajjaj,Jaguar,3,7,12
Yuyang,Jaguar,3,7,12
Balint,Jaguar,3,7,12
Elenka,Jaguar,3,7,12
Mabrouk,Jaguar,3,7,12
Deyanira,Jaguar,3,7,12
Zhichao,Jaguar,3,7,12
Iustin,Jaguar,3,7,12
Aramis,Jaguar,3,7,12
Gennadiy,Jaguar,3,7,12
Sultana,Jaguar,3,7,12
Glory,Jaguar,3,7,12
Wieslaw,Jaguar,3,7,12
Dieguina,Jaguar,3,7,12
Yauheni,Jaguar,3,7,12
Abibou,Jaguar,3,7,12
Sidney,Jaguar,3,7,12
Lucrezia,Jaguar,3,7,12
Xaime,Jaguar,3,7,12
Stefan,Jaguar,4,7,12
Fadil,Jaguar,4,7,12
Nonila,Jaguar,4,7,12
Douaae,Jaguar,4,7,12
Yraya,Jaguar,4,7,12
Reyita,Jaguar,4,7,12
Rasel,Jaguar,4,7,12
Naouar,Jaguar,4,7,12
Annia,Jaguar,4,7,12
Kirmen,Jaguar,4,7,12
Pat,Jaguar,4,7,12
Guilhem,Jaguar,4,7,12
Tianyi,Iguazú,4,10,12
Tsvetomir,Iguazú,4,10,12
Dialla,Iguazú,4,10,12
Taimoor,Iguazú,4,10,12
Yingjie,Iguazú,4,10,12
Medardo,Iguazú,4,10,12
Izaro,Iguazú,4,10,12
Daisy,Triton_Rapids,4,10,12
Yenay,Triton_Rapids,4,10,12
Dorothy,Carrousel,4,10,12
Denilson,Iguazú,4,10,12
Sydney,Triton_Rapids,4,10,12
Sumera,Iguazú,4,10,12
Nader,Iguazú,4,10,12
Ensaf,Iguazú,4,10,12
Tamoor,Iguazú,4,10,12
Neiba,Triton_Rapids,4,10,12
Abdessamade,Triton_Rapids,4,10,12
Guoquan,Iguazú,4,10,12
Zouhair,Triton_Rapids,4,10,12
Zulma,Carrousel,4,10,12
Zeida,Iguazú,4,10,12
Lutgardo,Iguazú,4,10,12
Ping,Iguazú,4,10,12
Amarjit,Iguazú,4,10,12
Ismaail,Carrousel,4,10,12
Zihan,Triton_Rapids,4,10,12
Amedeo,Iguazú,4,10,12
Eveling,Iguazú,4,10,12
Sofian,Iguazú,4,10,12
Kaiwen,Iguazú,4,10,12
Rawane,Iguazú,4,10,12
Rodayna,Iguazú,4,10,12
Ondiz,Triton_Rapids,4,10,12
Hany,Iguazú,4,10,12
Elvia,Iguazú,4,10,12
Adelto,Iguazú,5,10,12
Koraima,Triton_Rapids,4,10,12
Abdelmajid,Iguazú,4,10,12
Susy,Iguazú,5,10,12
Alfusainey,Triton_Rapids,4,10,12
Waleska,Carrousel,4,10,12
Dalma,Carrousel,4,10,12
Meie,Iguazú,4,10,12
Harbhajan,Iguazú,4,10,12
Uxune,Iguazú,5,10,12
Slama,Triton_Rapids,4,10,12
Vinicius,Iguazú,5,10,12
Alima,Carrousel,4,10,12
Arpine,Carrousel,4,10,12
Harjeet,Iguazú,5,10,12
Egon,Triton_Rapids,4,10,12
Nefer,Iguazú,4,10,12
Ze,Carrousel,4,10,12
Kinga,Carrousel,4,10,12
Yanibel,Triton_Rapids,4,10,12
Yulen,Triton_Rapids,4,10,12
Eliu,Iguazú,5,10,12
Danute,Carrousel,4,10,12
Katerina,Triton_Rapids,4,10,12
Cels,Triton_Rapids,4,10,12
Julius,Iguazú,5,10,12
Frida,Iguazú,4,10,12
Ramira,Carrousel,4,10,12
Diame,Iguazú,5,10,12
Wardia,Carrousel,4,10,12
Adelheid,Triton_Rapids,4,10,12
Urania,Carrousel,4,10,12
Daour,Triton_Rapids,4,10,12
Constantin,Iguazú,4,10,12
Zhora,Carrousel,4,10,12
Lyuben,Triton_Rapids,4,10,12
Monsif,Carrousel,4,10,12
Zhijian,Triton_Rapids,4,10,12
Araya,Carrousel,4,10,12
Mirko,Carrousel,4,10,12
Nathanael,Carrousel,4,10,12
Veena,Carrousel,4,10,12
Ishtar,Iguazú,4,10,12
Yuxuan,Iguazú,4,10,12
Osbel,Iguazú,4,10,12
Xinwei,Iguazú,4,10,12
Rayhan,Iguazú,5,10,12
Xiangyu,Iguazú,4,10,12
Guohong,Iguazú,5,10,12
Gissel,Iguazú,5,10,12
Leiza,Carrousel,4,10,12
Haimadou,Iguazú,4,10,12
Yusuf,Iguazú,5,10,12
Yanibel,Iguazú,5,10,12
Weifen,Jaguar,4,8,13
Ixone,Jaguar,4,8,13
Kheireddine,Jaguar,4,8,13
Ahamed,Jaguar,4,8,13
Tiemoko,Jaguar,4,8,13
Narendra,Jaguar,4,8,13
Adda,Jaguar,4,8,13
Edey,Jaguar,4,8,13
Bent,Jaguar,4,8,13
Bastien,Jaguar,4,8,13
Karam,Tower_of_Power,3,8,14
Manale,Tower_of_Power,3,8,14
Alpha,Tower_of_Power,3,8,14
Abubakar,Tower_of_Power,3,8,14
Meimei,Tower_of_Power,3,8,14
Mor,Tower_of_Power,3,8,14
Shantal,Tower_of_Power,3,8,14
Dongfen,Tower_of_Power,3,8,14
Xinying,Tower_of_Power,3,8,14
Zitong,Tower_of_Power,3,8,14
Nosair,Tower_of_Power,3,8,14
Zunaira,Tower_of_Power,3,8,14
Uraitz,Tower_of_Power,3,8,14
Atmane,Tower_of_Power,3,8,14
Jaison,Tower_of_Power,3,8,14
Melquiades,Tower_of_Power,3,8,14
Angely,Tower_of_Power,3,8,14
Milcho,Tower_of_Power,3,8,14
Marame,Tower_of_Power,3,8,14
Maddalena,Tower_of_Power,3,8,14
Rubiel,Tower_of_Power,3,8,14
Zouhair,Tower_of_Power,3,8,14
Attilio,Tower_of_Power,3,8,14
Gliceria,Tower_of_Power,3,8,14
Jurdan,Tower_of_Power,4,8,14
Arcilia,Tower_of_Power,4,8,14
Xiumin,Tower_of_Power,4,8,14
Antigua,Tower_of_Power,4,8,14
Junhao,Tower_of_Power,4,8,14
Silvio,Tower_of_Power,4,8,14
Delio,Tower_of_Power,4,8,14
Guzman,Tower_of_Power,4,8,14
Heorhii,Tower_of_Power,4,8,14
Bosco,Tower_of_Power,4,8,14
Juli,Tower_of_Power,4,8,14
Leonel,Tower_of_Power,4,8,14
Ebrahim,Tower_of_Power,4,8,14
Zakaryae,Tower_of_Power,4,8,14
Spaska,Tower_of_Power,4,8,14
Yaagoub,Tower_of_Power,4,8,14
Boutayeb,Tower_of_Power,4,8,14
Junquera,Tower_of_Power,4,8,14
Werner,Black_Hole,3,10,14
Maylis,Splash,4,10,14
Alessio,Splash,4,10,14
Domnino,Splash,4,10,14
Vilius,Black_Hole,3,10,14
Macaria,Splash,4,10,14
Angus,Splash,4,10,14
Lorenz,Black_Hole,3,10,14
Youba,Splash,4,10,14
Washington,Black_Hole,3,10,14
Eugeniusz,Black_Hole,4,10,14
Rupinder,Black_Hole,4,10,14
Alisea,Black_Hole,4,10,14
Tanit,Black_Hole,4,10,14
Insaf,Black_Hole,4,10,14
Detelina,Black_Hole,4,10,14
Salah,Splash,4,10,14
Junjun,Black_Hole,4,10,14
Nahum,Splash,4,10,14
Rosangel,Black_Hole,4,10,14
Adria,Black_Hole,4,10,14
Xufen,Black_Hole,4,10,14
Nashla,Splash,4,10,14
Marizabel,Black_Hole,4,10,14
Amadeo,Splash,4,10,14
Xintong,Splash,4,10,14
Bertrand,Splash,4,10,14
Isla,Black_Hole,4,10,14
Ismelda,Black_Hole,4,10,14
Briseida,Splash,4,10,14
Khan,Splash,4,10,14
Meiyu,Splash,4,10,14
Sadek,Black_Hole,4,10,14
Yenay,Black_Hole,4,10,14
Pavlinka,Splash,4,10,14
Priya,Black_Hole,4,10,14
Sophia,Splash,4,10,14
Sylla,Splash,4,10,14
Jinhong,Splash,4,10,14
Zhenhua,Splash,4,10,14
Paciano,Black_Hole,4,10,14
Halimatou,Black_Hole,4,10,14
Izaskum,Black_Hole,4,10,14
Sidahmed,Splash,4,10,14
Luna,Splash,4,10,14
Kirsa,Black_Hole,4,10,14
Aristides,Black_Hole,4,10,14
Willians,Black_Hole,4,10,14
Shihan,Black_Hole,4,10,14
Fermi,Splash,4,10,14
Leya,Splash,4,10,14
Roumayssae,Black_Hole,4,10,14
Linwei,Black_Hole,4,10,14
Claudina,Black_Hole,4,10,14
Yacob,Black_Hole,4,10,14
Musarat,Black_Hole,4,10,14
Sabira,Black_Hole,4,10,14
Najah,Black_Hole,4,10,14
Ibrain,Splash,4,10,14
Lassana,Splash,4,10,14
Kadialy,Black_Hole,4,10,14
Nahim,Splash,4,10,14
Bittor,Black_Hole,4,10,14
Luzmila,Black_Hole,4,10,14
Alin,Splash,4,10,14
Hada,Black_Hole,4,10,14
Despina,Splash,4,10,14
Hristina,Splash,4,10,14
Ghenadie,Splash,4,10,14
Philippa,Splash,4,10,14
Justina,Black_Hole,4,10,14
Yajaira,Black_Hole,4,10,14
Aduanich,Splash,5,10,14
Jeyson,Splash,5,10,14
Yelco,Splash,5,10,14
Andra,Splash,5,10,14
Natalio,Splash,5,10,14
Boubou,Splash,5,10,14
Rocco,Lazy_River,4,11,14
Didimo,Lazy_River,4,11,14
Boujamaa,Rapids,3,11,14
Zeshan,Lazy_River,4,11,14
Heorhii,Rapids,3,11,14
Markos,Lazy_River,4,11,14
Hargun,Rapids,3,11,14
Vinicius,Lazy_River,4,11,14
Louise,Lazy_River,4,11,14
Tino,Lazy_River,4,11,14
Jingxuan,Lazy_River,4,11,14
Dongfen,Rapids,3,11,14
Pastora,Rapids,3,11,14
Shuping,Rapids,3,11,14
Faheem,Rapids,3,11,14
Hermes,Rapids,3,11,14
Idelina,Lazy_River,5,11,14
Steffen,Lazy_River,5,11,14
Felix,Lazy_River,5,11,14
Abelio,Rapids,3,11,14
Soda,Rapids,4,11,14
Rohaan,Lazy_River,5,11,14
Mertxe,Lazy_River,5,11,14
Anara,Rapids,4,11,14
Dilcia,Lazy_River,5,11,14
Maricica,Lazy_River,5,11,14
Bencomo,Rapids,4,11,14
Aurina,Rapids,4,11,14
Marti,Lazy_River,5,11,14
Sahily,Lazy_River,5,11,14
Embarec,Lazy_River,5,11,14
Anaclara,Rapids,4,11,14
Hermila,Lazy_River,5,11,14
Aaron,Rapids,4,11,14
Irfan,Rapids,4,11,14
Othman,Lazy_River,5,11,14
Taimoor,Lazy_River,5,11,14
Abderraman,Lazy_River,5,11,14
Adulai,Rapids,4,11,14
Hongyan,Rapids,4,11,14
Sorinel,Rapids,4,11,14
Andreea,Lazy_River,5,11,14
Laaziz,Lazy_River,5,11,14
Dei,Rapids,4,11,14
Mirentxu,Lazy_River,5,11,14
Xun,Lazy_River,5,11,14
Anastasiia,Rapids,4,11,14
Julien,Lazy_River,5,11,14
Rick,Rapids,4,11,14
Elliot,Rapids,4,11,14
Liane,Lazy_River,5,11,14
Tiara,Rapids,4,11,14
Tata,Rapids,4,11,14
Jinying,Lazy_River,5,11,14
Huiling,Lazy_River,5,11,14
Rosangel,Lazy_River,5,11,14
Rocky,Lazy_River,5,11,14
Inhar,Lazy_River,5,11,14
Eriberto,Lazy_River,5,11,14
Aleksejs,Lazy_River,5,11,14
Xuyi,Iguazú,5,12,14
Zolikha,Iguazú,5,12,14
Navneet,Iguazú,5,12,14
Britany,Iguazú,4,12,14
Birgitte,Iguazú,4,12,14
Jahir,Iguazú,4,12,14
Mengying,Iguazú,4,12,14
Gelasio,Triton_Rapids,4,12,14
Nazik,Triton_Rapids,4,12,14
Azzouz,Carrousel,4,12,14
Florida,Iguazú,4,12,14
Saimon,Triton_Rapids,5,12,14
Shanshan,Iguazú,5,12,14
Kaira,Iguazú,5,12,14
Myryam,Iguazú,5,12,14
Maxim,Iguazú,5,12,14
Bailo,Triton_Rapids,5,12,14
Bahija,Triton_Rapids,5,12,14
Aaya,Iguazú,5,12,14
Loan,Triton_Rapids,5,12,14
Lucas,Carrousel,4,12,14
Inaam,Iguazú,5,12,14
Afif,Iguazú,5,12,14
Patrice,Iguazú,5,12,14
Younouss,Iguazú,5,12,14
Lizica,Carrousel,4,12,14
Pasqualino,Triton_Rapids,5,12,14
Davi,Iguazú,5,12,14
Heliodoro,Iguazú,5,12,14
Yguanira,Iguazú,5,12,14
Nin,Iguazú,5,12,14
Leoncia,Iguazú,5,12,14
Mykhailo,Iguazú,5,12,14
Chunfen,Triton_Rapids,5,12,14
Anael,Iguazú,5,12,14
Umayma,Iguazú,5,12,14
Edmon,Iguazú,5,12,14
Rogerio,Triton_Rapids,5,12,14
Habana,Iguazú,5,12,14
Abubakar,Iguazú,5,12,14
Suevia,Triton_Rapids,5,12,14
Dolly,Carrousel,4,12,14
Honorio,Carrousel,4,12,14
Huijie,Iguazú,5,12,14
Kaiwen,Iguazú,5,12,14
Shanshan,Iguazú,5,12,14
Ashiq,Triton_Rapids,5,12,14
Madiba,Iguazú,5,12,14
Angeles,Carrousel,4,12,14
Arcadi,Carrousel,4,12,14
Aeris,Iguazú,5,12,14
Tayeb,Triton_Rapids,5,12,14
Eba,Iguazú,5,12,14
Lur,Carrousel,4,12,14
Stefani,Carrousel,4,12,14
Erikas,Triton_Rapids,5,12,14
Ioar,Triton_Rapids,5,12,14
Texenen,Iguazú,5,12,14
Ran,Carrousel,4,12,14
Shumei,Triton_Rapids,5,12,14
Erena,Triton_Rapids,5,12,14
Arbey,Iguazú,5,12,14
Mitchel,Iguazú,5,12,14
Adhara,Carrousel,4,12,14
Noor,Iguazú,5,12,14
Izza,Carrousel,4,12,14
Dounya,Triton_Rapids,5,12,14
Jeanine,Carrousel,4,12,14
Laiba,Triton_Rapids,5,12,14
Jiajing,Iguazú,5,12,14
Nalia,Carrousel,4,12,14
Andi,Triton_Rapids,5,12,14
Katerine,Carrousel,4,12,14
Cherkaoui,Triton_Rapids,5,12,14
Pavlina,Carrousel,4,12,14
Paulino,Carrousel,4,12,14
Vojtech,Carrousel,4,12,14
Elcira,Carrousel,4,12,14
Emiliano,Iguazú,5,12,14
Doa,Iguazú,5,12,14
Kacper,Iguazú,5,12,14
Abdennaser,Iguazú,5,12,14
Otar,Iguazú,5,12,14
Zaharia,Iguazú,5,12,14
Ziyue,Iguazú,5,12,14
Ixone,Iguazú,5,12,14
Adoracion,Carrousel,4,12,14
Zia,Iguazú,5,12,14
Chi,Iguazú,5,12,14
Ketevani,Iguazú,5,12,14
Marianella,Tower_of_Power,4,9,15
Asiel,Tower_of_Power,4,9,15
Saulo,Tower_of_Power,4,9,15
Bella,Tower_of_Power,4,9,15
Lee,Tower_of_Power,4,9,15
Majeed,Tower_of_Power,4,9,15
Oneyda,Tower_of_Power,4,9,15
Jesualdo,Tower_of_Power,4,9,15
Lassine,Tower_of_Power,4,9,15
Ilisca,Tower_of_Power,4,9,15
Giorgia,Tower_of_Power,4,9,15
Wim,Tower_of_Power,4,9,15
Gumersindo,Tower_of_Power,4,9,15
Aldrin,Splash,5,11,15
Petrina,Splash,5,11,15
Smahane,Splash,5,11,15
Joselina,Splash,5,11,15
Basilia,Splash,5,11,15
Amjad,Splash,5,11,15
Essafia,Splash,5,11,15
Disney,Iguazú,5,14,16
Egoi,Iguazú,5,14,16
Imtiaz,Iguazú,5,14,16
Tamimount,Iguazú,5,14,16
Joe,Iguazú,5,14,16
Himad,Iguazú,5,14,16
Aristeo,Iguazú,5,14,16
Junchen,Triton_Rapids,5,14,16
Tifa,Triton_Rapids,5,14,16
Hongyan,Carrousel,4,14,16
Ausra,Iguazú,5,14,16
Bixia,Triton_Rapids,5,14,16
Arsilia,Iguazú,5,14,16
Ziqi,Iguazú,5,14,16
Godspower,Iguazú,5,14,16
Bowen,Iguazú,5,14,16
Bixia,Triton_Rapids,5,14,16
Yiran,Triton_Rapids,5,14,16
Ziqi,Iguazú,5,14,16
Gina,Triton_Rapids,5,14,16
Ilia,Carrousel,4,14,16
Millie,Iguazú,5,14,16
Pawan,Iguazú,5,14,16
Lingfeng,Iguazú,5,14,16
Abba,Iguazú,5,14,16
Huseyin,Carrousel,4,14,16
Aderita,Triton_Rapids,5,14,16
Sopiko,Iguazú,6,14,16
Leslie,Iguazú,5,14,16
Ferdaws,Iguazú,6,14,16
Sabrin,Iguazú,6,14,16
Jannette,Iguazú,5,14,16
Valentyna,Iguazú,6,14,16
Aboubakr,Triton_Rapids,5,14,16
Ester,Iguazú,5,14,16
Ayose,Iguazú,5,14,16
Adriane,Iguazú,6,14,16
Huiyu,Triton_Rapids,5,14,16
Haiyan,Iguazú,5,14,16
Jiajing,Iguazú,6,14,16
Zlatka,Triton_Rapids,5,14,16
Enai,Carrousel,4,14,16
Melecio,Carrousel,5,14,16
Farha,Iguazú,5,14,16
Zaher,Iguazú,5,14,16
Marianny,Iguazú,6,14,16
Izar,Triton_Rapids,5,14,16
Slavka,Iguazú,6,14,16
Ginebra,Carrousel,5,14,16
Meryame,Carrousel,5,14,16
Manuel,Iguazú,6,14,16
Jianlan,Triton_Rapids,5,14,16
Casimira,Iguazú,5,14,16
Senent,Carrousel,5,14,16
Biyagi,Carrousel,5,14,16
Valerie,Triton_Rapids,5,14,16
Zhibo,Triton_Rapids,5,14,16
Xiaoyong,Iguazú,6,14,16
Atif,Carrousel,5,14,16
Chesus,Triton_Rapids,5,14,16
Brandan,Triton_Rapids,5,14,16
Doha,Iguazú,6,14,16
Nanuli,Iguazú,5,14,16
Hamady,Carrousel,5,14,16
Ercan,Iguazú,6,14,16
Qaisar,Carrousel,5,14,16
Raimunda,Triton_Rapids,5,14,16
Argenis,Carrousel,5,14,16
Hatoumata,Triton_Rapids,5,14,16
Kaili,Iguazú,5,14,16
Hilal,Carrousel,5,14,16
Nahya,Triton_Rapids,5,14,16
Shujun,Carrousel,5,14,16
Yamine,Triton_Rapids,5,14,16
Bartlomiej,Carrousel,5,14,16
Norge,Carrousel,5,14,16
Airin,Carrousel,5,14,16
Shahzaib,Carrousel,5,14,16
Coro,Iguazú,5,14,16
Halimatou,Iguazú,5,14,16
Sezgin,Iguazú,5,14,16
Seikou,Iguazú,5,14,16
Floridalma,Iguazú,6,14,16
Nail,Iguazú,5,14,16
Moustafa,Iguazú,6,14,16
Manding,Iguazú,6,14,16
Laimonas,Carrousel,5,14,16
Pierrette,Iguazú,5,14,16
Aimen,Iguazú,6,14,16
Hiroko,Iguazú,6,14,16
Fang,Jaguar,4,12,17
Resurreccion,Jaguar,4,12,17
Abdelasis,Jaguar,4,12,17
Rosella,Jaguar,4,12,17
Jhonnatan,Jaguar,4,12,17
Jagjeet,Jaguar,4,12,17
Amapola,Jaguar,4,12,17
Yifeng,Jaguar,4,12,17
Analisa,Jaguar,4,12,17
Scott,Jaguar,4,12,17
Nouhad,Jaguar,4,12,17
Judy,Jaguar,4,12,17
Ladisla,Jaguar,4,12,17
Dinesh,Jaguar,4,12,17
Yamal,Jaguar,4,12,17
Pegerto,Jaguar,4,12,17
Bonifacio,Jaguar,4,12,17
Marien,Jaguar,4,12,17
Cirina,Jaguar,4,12,17
Fadila,Jaguar,5,12,17
Dumitrel,Jaguar,5,12,17
Nela,Jaguar,5,12,17
Jadilla,Jaguar,5,12,17
Issame,Jaguar,5,12,17
Khedidja,Jaguar,5,12,17
Dailos,Jaguar,5,12,17
Jenny,Jaguar,5,12,17
Aynur,Jaguar,5,12,17
Xiu,Jaguar,5,12,17
Gergana,Jaguar,5,12,17
Dimitrina,Jaguar,5,12,17
Leri,Jaguar,5,12,17
Benjamin,Jaguar,5,12,17
Harpinder,Jaguar,5,12,17
Aziz,Jaguar,5,12,17
Wenbo,Jaguar,5,12,17
Vicenzo,Jaguar,5,12,17
Bernat,Jaguar,5,12,17
Muneeba,Jaguar,5,12,17
Zunaira,Jaguar,5,12,17
Eyra,Lazy_River,5,14,17
Geovany,Lazy_River,5,14,17
July,Rapids,4,14,17
Nicolae,Lazy_River,5,14,17
Parvez,Lazy_River,5,14,17
Floro,Lazy_River,5,14,17
Vivianne,Rapids,4,14,17
Malte,Lazy_River,5,14,17
Setefilla,Rapids,4,14,17
Maritza,Lazy_River,5,14,17
Aamar,Rapids,4,14,17
Ningning,Lazy_River,5,14,17
Giovany,Lazy_River,5,14,17
Baba,Lazy_River,6,14,17
Lleo,Lazy_River,6,14,17
Hanane,Rapids,4,14,17
Boualem,Rapids,4,14,17
Yaret,Rapids,4,14,17
Sundas,Rapids,4,14,17
Abdelmounaim,Rapids,4,14,17
Jinhai,Lazy_River,6,14,17
Anas,Lazy_River,6,14,17
Carl,Lazy_River,6,14,17
Maruja,Rapids,4,14,17
Vaidas,Rapids,4,14,17
Arafa,Lazy_River,6,14,17
Aitana,Lazy_River,6,14,17
Harpal,Rapids,4,14,17
Mimi,Lazy_River,6,14,17
Jianping,Lazy_River,6,14,17
Nossair,Rapids,4,14,17
Jiajie,Rapids,4,14,17
Filip,Lazy_River,6,14,17
Gwendolyne,Lazy_River,6,14,17
Kendall,Lazy_River,6,14,17
Nohora,Rapids,4,14,17
Khelifa,Lazy_River,6,14,17
Teimuraz,Rapids,4,14,17
Jine,Rapids,4,14,17
Victoriano,Lazy_River,6,14,17
Luar,Lazy_River,6,14,17
Rabii,Lazy_River,6,14,17
Veta,Rapids,4,14,17
Wisal,Rapids,4,14,17
Alessia,Rapids,4,14,17
Fatimetu,Lazy_River,6,14,17
Angels,Lazy_River,6,14,17
Waris,Rapids,4,14,17
Eilen,Lazy_River,6,14,17
Joury,Lazy_River,6,14,17
Neskutz,Rapids,4,14,17
Blaise,Lazy_River,6,14,17
Lorena,Rapids,4,14,17
Yibin,Rapids,5,14,17
Mararia,Lazy_River,6,14,17
Yiqing,Rapids,5,14,17
Rumen,Lazy_River,6,14,17
Hafidha,Lazy_River,6,14,17
Aizane,Lazy_River,6,14,17
Tasleem,Lazy_River,6,14,17
Kadija,Jaguar,5,13,18
Diosnel,Jaguar,5,13,18
Yuleima,Jaguar,5,13,18
Mian,Jaguar,5,13,18
Pavle,Jaguar,5,13,18
Ilham,Jaguar,5,13,18
Zulqarnain,Jaguar,5,13,18
Nellys,Jaguar,5,13,18
Osiel,Jaguar,5,13,18
Yubin,Jaguar,5,13,18
Yamina,Black_Hole,4,14,18
Isona,Splash,5,14,18
Qun,Splash,5,14,18
Gurnoor,Black_Hole,4,14,18
Arena,Splash,5,14,18
Nadir,Splash,5,14,18
Rebecca,Splash,5,14,18
Meri,Black_Hole,4,14,18
Haykanush,Black_Hole,4,14,18
Hardip,Splash,5,14,18
Wenche,Splash,5,14,18
Xueping,Splash,5,14,18
Franc,Black_Hole,4,14,18
Silene,Splash,5,14,18
Fadili,Splash,5,14,18
Huixin,Black_Hole,5,14,18
Najiya,Splash,5,14,18
Linda,Black_Hole,5,14,18
Hady,Black_Hole,5,14,18
Mahesh,Black_Hole,5,14,18
Denzel,Black_Hole,5,14,18
Salome,Black_Hole,5,14,18
Saula,Black_Hole,5,14,18
Austin,Black_Hole,5,14,18
Nicolaza,Splash,5,14,18
Ramazan,Black_Hole,5,14,18
Clarice,Splash,5,14,18
Harumi,Black_Hole,5,14,18
Alexandr,Black_Hole,5,14,18
Kael,Black_Hole,5,14,18
Cati,Splash,5,14,18
Zohartze,Black_Hole,5,14,18
Norhan,Splash,5,14,18
Micheline,Splash,5,14,18
Yongguang,Splash,5,14,18
Ramandeep,Black_Hole,5,14,18
Josefa,Black_Hole,5,14,18
Franziska,Splash,5,14,18
Pola,Splash,5,14,18
Melany,Splash,6,14,18
Guifre,Black_Hole,5,14,18
Ulysses,Black_Hole,5,14,18
Germelina,Splash,6,14,18
Antoaneta,Black_Hole,5,14,18
Luci,Splash,6,14,18
Lingzhi,Splash,6,14,18
Rabia,Splash,6,14,18
Hristina,Splash,6,14,18
Catiana,Black_Hole,5,14,18
Tremedal,Black_Hole,5,14,18
Sheng,Black_Hole,5,14,18
Iulica,Splash,6,14,18
Redouan,Splash,6,14,18
Zaza,Black_Hole,5,14,18
Soledat,Black_Hole,5,14,18
Aleixo,Black_Hole,5,14,18
Beatriu,Black_Hole,5,14,18
Arkadii,Splash,6,14,18
Enok,Splash,6,14,18
Kaixin,Black_Hole,5,14,18
Augusta,Black_Hole,5,14,18
Pepe,Black_Hole,5,14,18
Nahla,Black_Hole,5,14,18
Huseyin,Black_Hole,5,14,18
Jone,Black_Hole,5,14,18
Bianca,Black_Hole,5,14,18
Hanot,Splash,6,14,18
Fengmei,Splash,6,14,18
Gila,Black_Hole,5,14,18
Lifen,Splash,6,14,18
Oskar,Black_Hole,5,14,18
Tida,Black_Hole,5,14,18
Yilenia,Splash,6,14,18
Yassir,Splash,6,14,18
Yelko,Splash,6,14,18
Osiel,Splash,6,14,18
Steliana,Splash,6,14,18
Kaylee,Splash,6,14,18
Marzouka,Iguazú,6,16,18
Habibur,Iguazú,6,16,18
Lou,Iguazú,6,16,18
Rozalina,Iguazú,6,16,18
Sukhvinder,Iguazú,6,16,18
Yrma,Iguazú,6,16,18
Maguette,Iguazú,6,16,18
Jinfu,Triton_Rapids,5,16,18
Jiane,Triton_Rapids,5,16,18
Sullivan,Carrousel,5,16,18
Jannett,Iguazú,6,16,18
Jeanett,Triton_Rapids,5,16,18
Losseni,Iguazú,6,16,18
Mateus,Iguazú,6,16,18
Aitzol,Iguazú,6,16,18
Alcino,Iguazú,6,16,18
Jesika,Triton_Rapids,5,16,18
Irsa,Triton_Rapids,5,16,18
Lassine,Iguazú,6,16,18
Sohora,Triton_Rapids,5,16,18
Sahara,Carrousel,5,16,18
Zichen,Iguazú,6,16,18
Quiteria,Iguazú,6,16,18
Nilza,Iguazú,6,16,18
Nagore,Iguazú,6,16,18
Didimo,Carrousel,5,16,18
Core,Triton_Rapids,6,16,18
Laryssa,Iguazú,6,16,18
Asteria,Iguazú,6,16,18
Haidee,Iguazú,6,16,18
Adahi,Iguazú,6,16,18
Ludimila,Iguazú,6,16,18
Peifen,Iguazú,6,16,18
Horia,Triton_Rapids,6,16,18
Zayda,Iguazú,6,16,18
Yria,Iguazú,6,16,18
Gretta,Iguazú,6,16,18
Vasilica,Triton_Rapids,6,16,18
Liduina,Iguazú,6,16,18
Yisheng,Iguazú,6,16,18
Lingxiao,Triton_Rapids,6,16,18
Dahyana,Carrousel,5,16,18
Heron,Carrousel,5,16,18
Grigory,Iguazú,6,16,18
Alex,Iguazú,6,16,18
Fatemeh,Iguazú,6,16,18
Massamba,Triton_Rapids,6,16,18
Noa,Iguazú,6,16,18
Touda,Carrousel,5,16,18
Dorel,Carrousel,5,16,18
Leidys,Iguazú,6,16,18
Lamnaouar,Triton_Rapids,6,16,18
Yerena,Iguazú,6,16,18
Mireilla,Carrousel,5,16,18
Chahida,Carrousel,5,16,18
Nehemias,Triton_Rapids,6,16,18
Arquimides,Triton_Rapids,6,16,18
Clavelina,Iguazú,6,16,18
Mousaab,Carrousel,5,16,18
Chafik,Triton_Rapids,6,16,18
Mahmuda,Triton_Rapids,6,16,18
Weiyi,Iguazú,6,16,18
Xiuyun,Iguazú,6,16,18
Marey,Carrousel,5,16,18
Assiya,Iguazú,6,16,18
Roksana,Carrousel,5,16,18
Anfal,Triton_Rapids,6,16,18
Saloa,Carrousel,5,16,18
Mawa,Triton_Rapids,6,16,18
Lajos,Iguazú,6,16,18
Ifeanyi,Carrousel,5,16,18
Sher,Triton_Rapids,6,16,18
Narcisa,Carrousel,5,16,18
Saidou,Triton_Rapids,6,16,18
Honorat,Carrousel,5,16,18
Eyleen,Carrousel,5,16,18
Justino,Carrousel,5,16,18
Xuwei,Carrousel,5,16,18
Weijuan,Iguazú,6,16,18
Priscila,Iguazú,6,16,18
Sammy,Iguazú,6,16,18
Monserrat,Iguazú,6,16,18
Georgeta,Iguazú,6,16,18
Citlalli,Iguazú,6,16,18
Jose,Iguazú,7,16,18
Yisel,Iguazú,7,16,18
Junhao,Carrousel,5,16,18
Laurinda,Iguazú,6,16,18
Lou,Iguazú,7,16,18
Auritz,Iguazú,7,16,18
Alexandra,Splash,6,15,19
Bidatz,Splash,6,15,19
Aita,Splash,6,15,19
Rongrong,Splash,6,15,19
Jinxin,Splash,6,15,19
Lenuta,Splash,6,15,19
Charalampos,Splash,6,15,19
